sweep_id,parameter_block,parameter,old_value,new_value,step_size,evaluation_level,power,power_margin,total_area,q,delta_q_from_previous,delta_q_from_six,accepted
1,tower,tower_y,-179.8000539392233,-179.3000539392233,0.5,q3-six-refine-medium,42.03803099926802,0.038030999268016785,60777.39103369038,0.6916721873758177,6.335914196642367e-05,0.0004141944140590992,True
1,width,w1,6.173283002455718,6.073283002455718,0.09999999999999964,q3-six-refine-medium,42.01048743080654,0.010487430806541909,60736.35618016617,0.6916860027985234,1.3815422705731883e-05,0.00042800983676483106,True
1,installation,H2,3.310585252215359,3.210585252215359,0.10000000000000009,q3-six-refine-medium,42.011434754305576,0.011434754305575723,60736.35618016617,0.6917016001039699,1.5597305446424237e-05,0.0004436071422112553,True
2,tower,tower_y,-179.3000539392233,-178.8000539392233,0.5,q3-six-refine-medium,42.01240312134232,0.012403121342316581,60736.35618016617,0.6917175438829126,1.5943778942761888e-05,0.0004595509211540172,True
