group,ring_start,ring_stop,mirror_count,mirror_width_m,mirror_height_m,installation_height_m,group_area_m2
1,1,1,72,6.053283002455719,5.679285211695147,2.910585252215359,2475.239085939769
2,2,5,269,6.746757379733026,6.228727007317101,3.190585252215359,11304.377963895988
3,6,11,283,6.953987786871101,6.4200458233094615,3.2105852522153593,12634.51242974445
4,12,14,224,6.409389258245048,5.917262727301275,5.0105852522153596,8495.432996417605
5,15,20,357,6.952129096974409,6.4183298475738395,4.110585252215359,15929.717594365178
6,21,28,266,6.342915146631929,5.855892639274124,4.210585252215359,9880.152411574803
