{
  "decision": "微调方案通过统一正式与加密验收",
  "target_power_mw": 42.0,
  "baseline": {
    "scheme": "six_group_baseline",
    "profile": "q3-six-refine-formal",
    "tower_mode": "A",
    "tower_x_m": 0.0,
    "tower_y_m": -181.8000539392233,
    "mirror_count": 1471,
    "mirror_set_hash": "d560aec16ee5ed54cb7704f71d4a94429c5c11fc118625a9d688ff6547bac045",
    "outer_clipped_count": 1769,
    "total_area_m2": 60777.39103369038,
    "annual_power_mw": 42.051608025429616,
    "power_margin_mw": 0.05160802542961562,
    "unit_area_power_kw_m2": 0.6918955767963023,
    "average_optical_efficiency": 0.7133543519598581,
    "average_cosine_efficiency": 0.8428877923752294,
    "average_shadow_blocking_efficiency": 0.9810317316194804,
    "average_atmospheric_efficiency": 0.9597762039735313,
    "average_truncation_efficiency": 0.9786557889830242,
    "field_output_mw": 42.051608025429616,
    "unit_area_output_kw_m2": 0.6918955767963023
  },
  "preclosure_candidate": {
    "scheme": "two_sweep_candidate",
    "profile": "q3-six-refine-formal",
    "tower_mode": "B",
    "tower_x_m": 0.0,
    "tower_y_m": -178.8000539392233,
    "mirror_count": 1471,
    "mirror_set_hash": "d560aec16ee5ed54cb7704f71d4a94429c5c11fc118625a9d688ff6547bac045",
    "outer_clipped_count": 1769,
    "total_area_m2": 60736.35618016617,
    "annual_power_mw": 42.088548451071105,
    "power_margin_mw": 0.0885484510711052,
    "unit_area_power_kw_m2": 0.6929712465170142,
    "average_optical_efficiency": 0.7145408382443944,
    "average_cosine_efficiency": 0.8421385486997497,
    "average_shadow_blocking_efficiency": 0.9829561691018839,
    "average_atmospheric_efficiency": 0.9599495587617908,
    "average_truncation_efficiency": 0.9789865244810524,
    "field_output_mw": 42.088548451071105,
    "unit_area_output_kw_m2": 0.6929712465170142
  },
  "attempted_candidate": {
    "scheme": "refined_candidate",
    "profile": "q3-six-refine-formal",
    "tower_mode": "B",
    "tower_x_m": 0.0,
    "tower_y_m": -176.3000539392233,
    "mirror_count": 1471,
    "mirror_set_hash": "d560aec16ee5ed54cb7704f71d4a94429c5c11fc118625a9d688ff6547bac045",
    "outer_clipped_count": 1769,
    "total_area_m2": 60719.432481937794,
    "annual_power_mw": 42.08621473960727,
    "power_margin_mw": 0.08621473960727144,
    "unit_area_power_kw_m2": 0.6931259568693541,
    "average_optical_efficiency": 0.7146994827836527,
    "average_cosine_efficiency": 0.8414349076260138,
    "average_shadow_blocking_efficiency": 0.983607312327096,
    "average_atmospheric_efficiency": 0.9600742348766725,
    "average_truncation_efficiency": 0.9792527205689707,
    "field_output_mw": 42.08621473960727,
    "unit_area_output_kw_m2": 0.6931259568693541
  },
  "selected": {
    "scheme": "selected_final",
    "profile": "q3-six-refine-formal",
    "tower_mode": "B",
    "tower_x_m": 0.0,
    "tower_y_m": -176.3000539392233,
    "mirror_count": 1471,
    "mirror_set_hash": "d560aec16ee5ed54cb7704f71d4a94429c5c11fc118625a9d688ff6547bac045",
    "outer_clipped_count": 1769,
    "total_area_m2": 60719.432481937794,
    "annual_power_mw": 42.08621473960727,
    "power_margin_mw": 0.08621473960727144,
    "unit_area_power_kw_m2": 0.6931259568693541,
    "average_optical_efficiency": 0.7146994827836527,
    "average_cosine_efficiency": 0.8414349076260138,
    "average_shadow_blocking_efficiency": 0.983607312327096,
    "average_atmospheric_efficiency": 0.9600742348766725,
    "average_truncation_efficiency": 0.9792527205689707,
    "field_output_mw": 42.08621473960727,
    "unit_area_output_kw_m2": 0.6931259568693541
  },
  "selected_design": {
    "tower_mode": "B",
    "tower_x_m": 0.0,
    "tower_y_m": -176.3000539392233,
    "initial_spacing_m": 11.760145900398493,
    "spacing_growth_m_per_ring": 0.18357327435165643,
    "widths_m": [
      6.053283002455719,
      6.746757379733026,
      6.953987786871101,
      6.409389258245048,
      6.952129096974409,
      6.342915146631929
    ],
    "mirror_heights_m": [
      5.679285211695147,
      6.228727007317101,
      6.4200458233094615,
      5.917262727301275,
      6.4183298475738395,
      5.855892639274124
    ],
    "installation_heights_m": [
      2.910585252215359,
      3.190585252215359,
      3.2105852522153593,
      5.0105852522153596,
      4.110585252215359,
      4.210585252215359
    ]
  },
  "closure": {
    "tower_bracketed": true,
    "local_converged": false,
    "local_check_completed": true,
    "local_sweeps": 1,
    "accepted_moves": 3,
    "formal_evaluations": 24
  }
}
