{
  "status": "completed",
  "baseline": {
    "80": {
      "profile": "q3-six-refine-dense-80m",
      "tower_mode": "A",
      "tower_x_m": 0.0,
      "tower_y_m": -181.8000539392233,
      "mirror_count": 1471,
      "mirror_set_hash": "d560aec16ee5ed54cb7704f71d4a94429c5c11fc118625a9d688ff6547bac045",
      "outer_clipped_count": 1769,
      "total_area_m2": 60777.39103369038,
      "annual_power_mw": 42.031084207762866,
      "power_margin_mw": 0.031084207762866356,
      "unit_area_power_kw_m2": 0.6915578884336121,
      "average_optical_efficiency": 0.712978854366937,
      "average_cosine_efficiency": 0.8428877923752294,
      "average_shadow_blocking_efficiency": 0.980320765766076,
      "average_atmospheric_efficiency": 0.9597762039735313,
      "average_truncation_efficiency": 0.9789121150891567,
      "field_output_mw": 42.031084207762866,
      "unit_area_output_kw_m2": 0.6915578884336121
    },
    "100": {
      "profile": "q3-six-refine-dense-100m",
      "tower_mode": "A",
      "tower_x_m": 0.0,
      "tower_y_m": -181.8000539392233,
      "mirror_count": 1471,
      "mirror_set_hash": "d560aec16ee5ed54cb7704f71d4a94429c5c11fc118625a9d688ff6547bac045",
      "outer_clipped_count": 1769,
      "total_area_m2": 60777.39103369038,
      "annual_power_mw": 42.031084207762866,
      "power_margin_mw": 0.031084207762866356,
      "unit_area_power_kw_m2": 0.6915578884336121,
      "average_optical_efficiency": 0.712978854366937,
      "average_cosine_efficiency": 0.8428877923752294,
      "average_shadow_blocking_efficiency": 0.980320765766076,
      "average_atmospheric_efficiency": 0.9597762039735313,
      "average_truncation_efficiency": 0.9789121150891567,
      "field_output_mw": 42.031084207762866,
      "unit_area_output_kw_m2": 0.6915578884336121
    }
  },
  "candidate": {
    "80": {
      "profile": "q3-six-refine-dense-80m",
      "tower_mode": "B",
      "tower_x_m": 0.0,
      "tower_y_m": -176.3000539392233,
      "mirror_count": 1471,
      "mirror_set_hash": "d560aec16ee5ed54cb7704f71d4a94429c5c11fc118625a9d688ff6547bac045",
      "outer_clipped_count": 1769,
      "total_area_m2": 60719.432481937794,
      "annual_power_mw": 42.076085937620064,
      "power_margin_mw": 0.07608593762006421,
      "unit_area_power_kw_m2": 0.6929591436833082,
      "average_optical_efficiency": 0.7144774675358188,
      "average_cosine_efficiency": 0.8414349076260138,
      "average_shadow_blocking_efficiency": 0.9830635574343689,
      "average_atmospheric_efficiency": 0.9600742348766725,
      "average_truncation_efficiency": 0.9795185069808612,
      "field_output_mw": 42.076085937620064,
      "unit_area_output_kw_m2": 0.6929591436833082
    },
    "100": {
      "profile": "q3-six-refine-dense-100m",
      "tower_mode": "B",
      "tower_x_m": 0.0,
      "tower_y_m": -176.3000539392233,
      "mirror_count": 1471,
      "mirror_set_hash": "d560aec16ee5ed54cb7704f71d4a94429c5c11fc118625a9d688ff6547bac045",
      "outer_clipped_count": 1769,
      "total_area_m2": 60719.432481937794,
      "annual_power_mw": 42.076085937620064,
      "power_margin_mw": 0.07608593762006421,
      "unit_area_power_kw_m2": 0.6929591436833082,
      "average_optical_efficiency": 0.7144774675358188,
      "average_cosine_efficiency": 0.8414349076260138,
      "average_shadow_blocking_efficiency": 0.9830635574343689,
      "average_atmospheric_efficiency": 0.9600742348766725,
      "average_truncation_efficiency": 0.9795185069808612,
      "field_output_mw": 42.076085937620064,
      "unit_area_output_kw_m2": 0.6929591436833082
    }
  },
  "passed": true
}
