{
  "layout": "q2-campo-continuous-heterogeneous",
  "model": "campo-relaxed",
  "annual_power_constraint_mw": 42.0,
  "annual_power_margin_mw": 0.1709544880671956,
  "constraint_satisfied": true,
  "tower": {
    "x_m": 0.0,
    "y_m": -181.8000539392233
  },
  "mirror_count": 1469,
  "ring_count": 28,
  "total_area_m2": 61300.700038514726,
  "continuous_design": {
    "size_zone1_slope": 0.01,
    "size_zone2_slope": -0.02,
    "size_zone2_offset": 0.0,
    "height_offset": -0.9500000000000001,
    "height_zone1_slope": 0.0,
    "height_zone2_slope": 1.5500000000000003,
    "height_zone2_offset": 1.1,
    "size_azimuth": 0.0,
    "height_azimuth": 0.0,
    "area_ratio": 0.993
  },
  "zone_summaries": [
    {
      "zone": 1,
      "ring_count": 11,
      "mirror_count": 624,
      "minimum_width_m": 6.7400907905170815,
      "maximum_width_m": 6.807829829124239,
      "minimum_height_m": 6.222572292991552,
      "maximum_height_m": 6.285110184229431,
      "minimum_installation_height_m": 3.160585252215359,
      "maximum_installation_height_m": 3.160585252215359,
      "total_area_m2": 26401.34250253565
    },
    {
      "zone": 2,
      "ring_count": 17,
      "mirror_count": 845,
      "minimum_width_m": 6.606628050831922,
      "maximum_width_m": 6.7400907905170815,
      "minimum_height_m": 6.0993571061456935,
      "maximum_height_m": 6.222572292991552,
      "minimum_installation_height_m": 4.260585252215359,
      "maximum_installation_height_m": 5.810585252215359,
      "total_area_m2": 34899.35753597908
    }
  ],
  "diagnostics": {
    "radial_rmse_kw_m2": 0.06326026344806851,
    "radial_azimuth_rmse_kw_m2": 0.03648024809775527,
    "relative_rmse_reduction": 0.423330759162858,
    "azimuth_coefficient_kw_m2": 0.12095881445302799,
    "azimuth_recommended": true
  },
  "geometry": {
    "valid": true,
    "reason": null,
    "mirror_count": 1469,
    "minimum_center_distance_m": 11.756757379732894,
    "minimum_width_clearance_m": 0.016666589215812877,
    "maximum_field_radius_m": 349.9652837960841,
    "minimum_tower_distance_m": 134.765273996902,
    "minimum_ground_clearance_m": 0.0180301601006434
  },
  "annual": {
    "average_optical_efficiency": 0.7092989323906261,
    "average_cosine_efficiency": 0.8428259737330979,
    "average_shadow_blocking_efficiency": 0.976410377027319,
    "average_atmospheric_efficiency": 0.959751279592946,
    "average_truncation_efficiency": 0.9781317278022722,
    "field_output_mw": 42.170954488067196,
    "unit_area_output_kw_m2": 0.687935936483132
  }
}
