{
  "layout": "campo",
  "annual_power_constraint_mw": 42.0,
  "annual_power_margin_mw": 0.04423775741984315,
  "constraint_satisfied": true,
  "parameters": {
    "tower_y": -181.8000539392233,
    "mirror_width": 6.746757379733026,
    "mirror_height": 6.228727007317101,
    "installation_height": 4.110585252215359,
    "first_ring_count": 72,
    "initial_spacing": 11.860145900398493,
    "spacing_growth": 0.17357327435165643,
    "tower_x": 0.0,
    "field_radius": 350.0,
    "exclusion_radius": 100.0,
    "safety_epsilon": 0.01
  },
  "ring_count": 28,
  "mirror_count": 1469,
  "mirror_area_m2": 42.023709902959055,
  "total_area_m2": 61732.829847446854,
  "annual": {
    "average_optical_efficiency": 0.7020559734377785,
    "average_cosine_efficiency": 0.8430031281876053,
    "average_shadow_blocking_efficiency": 0.9679561303986083,
    "average_atmospheric_efficiency": 0.9596247387211904,
    "average_truncation_efficiency": 0.9769143018209667,
    "field_output_mw": 42.04423775741984,
    "unit_area_output_kw_m2": 0.6810677213618567
  }
}
