{
  "ring_ranges": [
    [
      1,
      1
    ],
    [
      2,
      3
    ],
    [
      4,
      5
    ],
    [
      6,
      8
    ],
    [
      9,
      11
    ],
    [
      12,
      14
    ],
    [
      15,
      17
    ],
    [
      18,
      20
    ],
    [
      21,
      24
    ],
    [
      25,
      28
    ]
  ],
  "group_counts": [
    72,
    144,
    125,
    153,
    130,
    224,
    195,
    162,
    170,
    96
  ],
  "sweeps_requested": 2,
  "target_power_mw": 42.0,
  "initial_medium": {
    "profile": "q3-medium",
    "mirror_count": 1471,
    "total_area_m2": 60777.39103369038,
    "annual_power_mw": 42.01285734340078,
    "unit_area_power_kw_m2": 0.6912579929617586,
    "minimum_ground_clearance_m": 0.0005623405606285381
  },
  "final_medium": {
    "profile": "q3-medium",
    "mirror_count": 1471,
    "total_area_m2": 60701.93855049787,
    "annual_power_mw": 42.02850394366432,
    "unit_area_power_kw_m2": 0.6923749874759083,
    "minimum_ground_clearance_m": 0.0005623405606285381
  },
  "final_formal": {
    "profile": "q3-formal",
    "mirror_count": 1471,
    "total_area_m2": 60701.93855049787,
    "annual_power_mw": 42.050118339743435,
    "unit_area_power_kw_m2": 0.6927310617067362,
    "minimum_ground_clearance_m": 0.0005623405606285381
  },
  "final_dense": {
    "profile": "q3-dense",
    "mirror_count": 1471,
    "total_area_m2": 60701.93855049787,
    "annual_power_mw": 42.01350704639626,
    "unit_area_power_kw_m2": 0.6921279295132441,
    "minimum_ground_clearance_m": 0.0005623405606285381
  },
  "final_design": {
    "scales": [
      0.9149999999999999,
      1.0,
      1.0,
      1.0307155564479888,
      1.0307155564479888,
      0.949995515993888,
      1.03044006263784,
      1.03044006263784,
      0.9401427663140486,
      0.9301427663140486
    ],
    "heights": [
      2.910585252215359,
      3.310585252215359,
      3.310585252215359,
      3.2105852522153593,
      3.2105852522153593,
      5.110585252215359,
      4.210585252215359,
      4.110585252215359,
      4.210585252215359,
      4.410585252215358
    ]
  },
  "trace": [
    {
      "sweep": 1,
      "action": "H7+0.100",
      "power_mw": 42.013613770230556,
      "unit_area_power_kw_m2": 0.6912704388206035,
      "scales": [
        0.9149999999999999,
        1.0,
        1.0,
        1.0307155564479888,
        1.0307155564479888,
        0.949995515993888,
        1.03044006263784,
        1.03044006263784,
        0.9401427663140486,
        0.9401427663140486
      ],
      "heights": [
        2.910585252215359,
        3.310585252215359,
        3.310585252215359,
        3.2105852522153593,
        3.2105852522153593,
        5.0105852522153596,
        4.210585252215359,
        4.110585252215359,
        4.210585252215359,
        4.210585252215359
      ]
    },
    {
      "sweep": 1,
      "action": "H9-0.100",
      "power_mw": 42.03145550631343,
      "unit_area_power_kw_m2": 0.6915639975894057,
      "scales": [
        0.9149999999999999,
        1.0,
        1.0,
        1.0307155564479888,
        1.0307155564479888,
        0.949995515993888,
        1.03044006263784,
        1.03044006263784,
        0.9401427663140486,
        0.9401427663140486
      ],
      "heights": [
        2.910585252215359,
        3.310585252215359,
        3.310585252215359,
        3.2105852522153593,
        3.2105852522153593,
        5.0105852522153596,
        4.210585252215359,
        4.110585252215359,
        4.110585252215359,
        4.210585252215359
      ]
    },
    {
      "sweep": 1,
      "action": "H10+0.100",
      "power_mw": 42.04922113072978,
      "unit_area_power_kw_m2": 0.691856304055909,
      "scales": [
        0.9149999999999999,
        1.0,
        1.0,
        1.0307155564479888,
        1.0307155564479888,
        0.949995515993888,
        1.03044006263784,
        1.03044006263784,
        0.9401427663140486,
        0.9401427663140486
      ],
      "heights": [
        2.910585252215359,
        3.310585252215359,
        3.310585252215359,
        3.2105852522153593,
        3.2105852522153593,
        5.0105852522153596,
        4.210585252215359,
        4.110585252215359,
        4.110585252215359,
        4.3105852522153585
      ]
    },
    {
      "sweep": 1,
      "action": "s10-0.010",
      "power_mw": 42.01541722555242,
      "unit_area_power_kw_m2": 0.6921593976871078,
      "scales": [
        0.9149999999999999,
        1.0,
        1.0,
        1.0307155564479888,
        1.0307155564479888,
        0.949995515993888,
        1.03044006263784,
        1.03044006263784,
        0.9401427663140486,
        0.9301427663140486
      ],
      "heights": [
        2.910585252215359,
        3.310585252215359,
        3.310585252215359,
        3.2105852522153593,
        3.2105852522153593,
        5.0105852522153596,
        4.210585252215359,
        4.110585252215359,
        4.110585252215359,
        4.3105852522153585
      ]
    },
    {
      "sweep": 2,
      "action": "H10+0.100",
      "power_mw": 42.019410534064,
      "unit_area_power_kw_m2": 0.6922251832057736,
      "scales": [
        0.9149999999999999,
        1.0,
        1.0,
        1.0307155564479888,
        1.0307155564479888,
        0.949995515993888,
        1.03044006263784,
        1.03044006263784,
        0.9401427663140486,
        0.9301427663140486
      ],
      "heights": [
        2.910585252215359,
        3.310585252215359,
        3.310585252215359,
        3.2105852522153593,
        3.2105852522153593,
        5.0105852522153596,
        4.210585252215359,
        4.110585252215359,
        4.110585252215359,
        4.410585252215358
      ]
    },
    {
      "sweep": 2,
      "action": "H9+0.100",
      "power_mw": 42.0220586759173,
      "unit_area_power_kw_m2": 0.6922688085316945,
      "scales": [
        0.9149999999999999,
        1.0,
        1.0,
        1.0307155564479888,
        1.0307155564479888,
        0.949995515993888,
        1.03044006263784,
        1.03044006263784,
        0.9401427663140486,
        0.9301427663140486
      ],
      "heights": [
        2.910585252215359,
        3.310585252215359,
        3.310585252215359,
        3.2105852522153593,
        3.2105852522153593,
        5.0105852522153596,
        4.210585252215359,
        4.110585252215359,
        4.210585252215359,
        4.410585252215358
      ]
    },
    {
      "sweep": 2,
      "action": "H6+0.100",
      "power_mw": 42.02850394366432,
      "unit_area_power_kw_m2": 0.6923749874759083,
      "scales": [
        0.9149999999999999,
        1.0,
        1.0,
        1.0307155564479888,
        1.0307155564479888,
        0.949995515993888,
        1.03044006263784,
        1.03044006263784,
        0.9401427663140486,
        0.9301427663140486
      ],
      "heights": [
        2.910585252215359,
        3.310585252215359,
        3.310585252215359,
        3.2105852522153593,
        3.2105852522153593,
        5.110585252215359,
        4.210585252215359,
        4.110585252215359,
        4.210585252215359,
        4.410585252215358
      ]
    }
  ]
}
